 Bwd IAT Max, Bwd URG Flags, Total Backward Packets, Fwd IAT Max, Active Max, URG Flag Count, Bwd Packet Length Mean, act_data_pkt_fwd, Bwd Packet Length Std, PSH Flag Count, ACK Flag Count, Avg Fwd Segment Size,Flow Bytes/s, Fwd Avg Bulk Rate,Active Mean,Bwd Packet Length Max,Init_Win_bytes_forward,Idle Mean
0,0,0,2.707640000000012,80.985361,0,0,7,0,7,16,51.1875,5.0615850625,26.548007855395003,56.1152214375,0,0,0.2985229375000009
0,0,0,1.0016089999999878,80.904924,0,0,9,0,9,14,58.285714285714285,5.778923142857143,25.709189220670922,52.94330907142858,0,0,0.22917178571428515
0,0,0,0.058545,53.78598,0,0,3,0,3,5,20.4,10.757196,8.626783410844238,32.261145600000006,0,0,0.011866000000000095
0,0,0,53.727401,53.785863,0,0,1,0,1,3,13.0,17.928621,4.350585580452618,35.87672866666667,0,0,17.909133666666666
0,0,0,45.055883,45.055883,0,0,0,0,0,2,0.0,22.5279415,1.4204582340556948,22.5279415,0,0,22.5279415
0,0,0,45.04905,45.106526,0,0,0,0,0,2,0.0,22.553263,1.4188634256604022,22.582001,0,0,22.524525
0,0,0,0.0507,53.786557,0,0,3,0,3,5,20.4,10.7573114,8.6266908662698,32.2595422,0,0,0.01024599999999954
0,0,0,53.735789000000004,53.786414,0,0,1,0,1,3,13.0,17.928804666666668,4.350541012085319,35.874484333333335,0,0,17.91192966666667
0,0,0,0.089079,53.806653,0,0,3,0,3,5,24.6,10.761330599999999,9.40404154110831,32.271214199999996,0,0,0.017899600000000168
0,0,0,53.715362999999996,53.806592,0,0,1,0,1,3,15.333333333333334,17.93553066666667,4.609100684168959,35.89998766666667,0,0,17.905120999999998
0,0,0,45.052093,45.052093,0,0,0,0,0,2,0.0,22.5260465,1.4205777298737263,22.5260465,0,0,22.5260465
0,0,0,45.040167,45.040167,0,0,0,0,0,2,0.0,22.5200835,1.4209538787900144,22.5200835,0,0,22.5200835
0,0,0,45.048014,45.048014,0,0,0,0,0,2,0.0,22.524007,1.4207063601072403,22.524007,0,0,22.524007
0,0,0,45.056096,45.056096,0,0,0,0,0,2,0.0,22.528048,1.4204515189243205,22.528048,0,0,22.528048
0,0,0,45.048032,45.048032,0,0,0,0,0,2,0.0,22.524016,1.4207057924306217,22.524016,0,0,22.524016
0,0,0,45.055745,45.094067,0,0,0,0,0,2,0.0,22.5470335,1.4192554421848886,22.5661945,0,0,22.5278725
0,0,0,47.048016,47.048016,0,0,0,0,0,2,0.0,23.524008,1.3603124093479309,23.524008,0,0,23.524008
0,0,0,45.045286,45.08224,0,0,0,0,0,2,0.0,22.54112,1.4196277735977627,22.559597,0,0,22.522643
0,0,0,45.04745,45.092501,0,0,0,0,0,2,0.0,22.5462505,1.4193047309573714,22.568776,0,0,22.523725
0,0,0,45.046696000000004,45.091926,0,0,0,0,0,2,0.0,22.545963,1.4193228295460256,22.568578,0,0,22.523348000000002
0,0,0,45.040342,45.094358,0,0,0,0,0,2,0.0,22.547179,1.4192462835372885,22.574187,0,0,22.520171
0,0,0,47.048209,47.114617,0,0,0,0,0,2,0.0,23.5573085,1.3583894781528203,23.590512500000003,0,0,23.5241045
0,0,0,0.061624,53.79124,0,0,3,0,3,5,20.4,10.758248,8.625939837044099,32.2626688,0,0,0.012513599999999389
0,0,0,53.729578,53.791129,0,0,1,0,1,3,13.0,17.93037633333333,4.35015967037985,35.88126966666667,0,0,17.909859333333333
0,0,0,0,0,0,0,1,0,0,0,46.0,0.0,0,0.0,0,0,0.0
0,0,0,0.790064,61.081495,0,0,7,0,7,112,10.616071428571429,0.5453704910714285,135.58934665891854,2.9185957767857147,0,0,0.019225705357142835
0,0,1,0,0.01129,0,62.0,0,0.0,0,0,10.616071428571429,0.01129,0,0.01129,62.0,0,0.0
0,0,0,0.691817,61.037597,0,0,186,0,173,194,2175.860824742268,0.3146267886597938,13996.651932414705,2.5614401649484546,0,0,0.008943835051546374
0,0,0,0.321861,59.526555,0,0,2,0,2,4,19.5,14.88163875,6.114917955524219,29.7825655,0,0,0.14164250000000006
0,0,0,0,59.526399,0,0,2,0,2,3,26.0,19.842133,5.241371983546325,20.05668233333333,0,0,0.0
0,0,0,0.04894,0.048941,0,0,2,0,2,4,20.25,0.01223525,7560.123413906541,0.01223575,0,0,0.01223525
0,0,0,0.000435,0.000834,0,0,0,0,0,2,0.0,0.000417,124700.23980815348,0.0006165,0,0,0.0002175
0,0,0,0.061776,0.061776,0,0,1,0,1,2,23.0,0.030888,3172.7531727531727,0.030888,0,0,0.030888
0,0,0,0,0.061691,0,0,1,0,1,2,23.0,0.0308455,3177.1247021445593,0.061691,0,0,0.0
0,0,0,46.335817,46.335817,0,0,0,0,0,2,0.0,23.1679085,2.2444840025158075,23.1679085,0,0,23.1679085
0,0,0,46.277060999999996,46.639663,0,0,0,0,0,1,0.0,23.3198315,1.9725699990585266,23.5011325,0,0,23.138530499999998
0,0,0,0,0,0,0,0,0,0,0,0.0,0,0,23.5011325,0,0,0
0,0,0,0,0,0,0,0,0,0,0,0.0,0,0,23.5011325,0,0,0
0,0,0,45.20393,45.20393,0,0,0,0,0,2,0.0,22.601965,2.3006849183245794,22.601965,0,0,22.601965
0,0,0,45.203908,45.203908,0,0,0,0,0,2,0.0,22.601954,2.3006860380301632,22.601954,0,0,22.601954
0,0,0,45.119631,45.323353,0,0,0,0,0,2,0.0,22.6616765,2.2946228183956294,22.763537499999998,0,0,22.5598155
0,0,0,45.127742999999995,45.33141,0,0,0,0,0,2,0.0,22.665705,2.294214982503302,22.7675385,0,0,22.563871499999998
0,0,0,0,0,0,0,0,0,0,1,0.0,0.0,0,0.0,0,0,0.0
0,0,0,0.12978800000000001,0.204761,0,0,13,0,0,0,184.92307692307693,0.015750846153846153,23481.033985964124,0.09127576923076923,0,0,0.013113692307692307
0.044198,0,15,0,0.207903,0,370.8,0,429.12611976744864,0,0,184.92307692307693,0.0138602,0,0.14117633333333332,1238.0,0,0.0034277333333333337
0,0,0,45.557662,46.491506,0,0,5,0,5,11,118.08333333333333,3.8742921666666668,69.38901914685233,4.3209350833333335,0,64900,3.873700916666667
0,0,0,0.30918200000000007,46.37877,0,0,2,0,2,6,83.0,6.625538571428572,30.056855755338056,7.006582714285715,0,64900,0.11944585714285715
0,0,1,0.206449,46.696859,0,40.0,11,0.0,10,18,733.0,2.5942699444444446,545.3471720656843,3.3177746666666668,40.0,0,0.011549833333333334
0,0,1,45.747336,46.5849,0,40.0,3,0.0,3,7,73.66666666666667,6.654985714285714,23.097613175084632,7.231731142857143,40.0,0,6.535333714285714
0,0,0,0.120802,0.120802,0,0,1,0,1,2,19.5,0.060401,1175.4772271982251,0.060401,0,0,0.060401
0,0,0,0,0.077844,0,0,1,0,1,2,19.5,0.038922,1824.1611427984174,0.077844,0,0,0.0
0,0,0,8.4e-05,8.4e-05,0,0,2,0,0,0,36.0,4.2e-05,2190476.1904761908,4.2e-05,0,0,4.2e-05
0.013928999999999997,0,2,0,0.06293,0,78.0,0,6.0,0,0,36.0,0.031465,0,0.0559655,84.0,0,0.0069644999999999985
0,0,0,0.435399,0.542409,0,0,1,0,1,5,12.333333333333334,0.09040150000000001,641.5822746303988,0.2678486666666667,0,64900,0.09028100000000001
0,0,1,0.37687200000000004,0.542319,0,40.0,1,0.0,1,4,257.6666666666667,0.13557975,3027.7382868754366,0.29522024999999996,40.0,0,0.09421800000000001
0,0,0,0,0,0,0,0,0,0,0,257.6666666666667,0,0,0.29522024999999996,0,0,0
0,0,0,0,0,0,0,0,0,0,0,257.6666666666667,0,0,0.29522024999999996,0,0,0
0,0,0,0,0,0,0,1,0,0,0,54.0,0.0,0,0.0,0,0,0.0
0,0,0,0,0,0,0,1,0,0,0,54.0,0.0,0,0.0,0,0,0.0
0,0,0,0,0,0,0,1,0,0,0,51.0,0.0,0,0.0,0,0,0.0
0,0,0,0,0,0,0,1,0,0,0,51.0,0.0,0,0.0,0,0,0.0
0,0,0,0,0,0,0,1,0,0,0,40.0,0.0,0,0.0,0,0,0.0
0,0,0,0,0,0,0,1,0,0,0,40.0,0.0,0,0.0,0,0,0.0
0,0,0,0,0,0,0,1,0,0,0,54.0,0.0,0,0.0,0,0,0.0
0,0,0,0.066998,0.204229,0,0,3,0,3,6,87.0,0.02269211111111111,9881.064883047951,0.12072922222222221,0,64240,0.021802666666666668
0,0,1,0,0.007347,0,40.0,0,0.0,0,0,87.0,0.007347,0,0.007347,40.0,0,0.0
0,0,1,0,0.051176,0,56.0,0,0.0,0,0,87.0,0.051176,0,0.051176,56.0,0,0.0
0,0,1,0,0.053702,0,153.0,0,0.0,0,0,87.0,0.053702,0,0.053702,153.0,0,0.0
0,0,1,0,0.054105,0,87.0,0,0.0,0,0,87.0,0.054105,0,0.054105,87.0,0,0.0
0,0,1,0,0.055246,0,104.0,0,0.0,0,0,87.0,0.055246,0,0.055246,104.0,0,0.0
0,0,1,0,0.053599,0,104.0,0,0.0,0,0,87.0,0.053599,0,0.053599,104.0,0,0.0
0,0,1,0,0.056206,0,136.0,0,0.0,0,0,87.0,0.056206,0,0.056206,136.0,0,0.0
0,0,1,1.000000000001e-06,0.204058,0,60.0,2,0.0,2,7,90.16666666666667,0.029151142857142855,6831.391075086495,0.1638534285714286,60.0,0,2.8571428571457146e-07
0,0,0,0.053982,0.053982,0,0,0,0,0,0,0.0,0.026991,1852.469341632396,0.026991,0,64240,0.026991
0,0,1,0,0.053899,0,60.0,0,0.0,0,1,0.0,0.053899,0,0.053899,60.0,0,0.0
0,0,0,0.067197,0.206928,0,0,1,0,1,3,64.625,0.025866,6813.964277429831,0.12397862500000001,0,64240,0.021520875000000002
0,0,1,1.000000000001e-06,0.206849,0,60.0,3,0.0,2,6,801.6,0.034474833333333336,40009.86226667762,0.1564615,60.0,0,1.6666666666683336e-07
0,0,0,20.102603,21.639219,0,0,18,0,18,26,65.66666666666667,0.8014525555555556,229.67557193260996,3.5884874814814816,0,64240,0.7685974444444444
0,0,1,20.102481,21.660084,0,60.0,10,0.0,9,31,281.3333333333333,0.6987123870967742,852.443600865075,5.276041612903226,60.0,0,0.6667484516129032
0,0,0,0,0,0,0,1,0,0,0,51.0,0.0,0,0.0,0,0,0.0
0,0,0,0,0,0,0,1,0,0,0,51.0,0.0,0,0.0,0,0,0.0
0,0,0,0,0,0,0,1,0,0,0,40.0,0.0,0,0.0,0,0,0.0
0,0,1,0,0.006865,0,40.0,0,0.0,0,0,40.0,0.006865,0,0.006865,40.0,0,0.0
0,0,0,0,0,0,0,1,0,0,0,68.0,0.0,0,0.0,0,0,0.0
0,0,0,0,0,0,0,1,0,0,0,68.0,0.0,0,0.0,0,0,0.0
0,0,0,0,0,0,0,1,0,0,0,57.0,0.0,0,0.0,0,0,0.0
0,0,0,0,0,0,0,1,0,0,0,57.0,0.0,0,0.0,0,0,0.0
0,0,0,0,0,0,0,1,0,0,0,51.0,0.0,0,0.0,0,0,0.0
0,0,0,0,0,0,0,1,0,0,0,51.0,0.0,0,0.0,0,0,0.0
0,0,0,0,0,0,0,1,0,0,0,40.0,0.0,0,0.0,0,0,0.0
0,0,0,1.11993,4.60161,0,0,27,0,27,92,49.83870967741935,0.049479677419354835,3067.1873539913204,0.879006268817204,0,64240,0.02092493548387098
0,0,1,0,0.008608,0,40.0,0,0.0,0,0,49.83870967741935,0.008608,0,0.008608,40.0,0,0.0
0,0,1,0,0.051889,0,136.0,0,0.0,0,0,49.83870967741935,0.051889,0,0.051889,136.0,0,0.0
0,0,1,0,0.052889,0,87.0,0,0.0,0,0,49.83870967741935,0.052889,0,0.052889,87.0,0,0.0
0,0,1,0,0.049317,0,73.0,0,0.0,0,0,49.83870967741935,0.049317,0,0.049317,73.0,0,0.0
0,0,1,0,0.049681,0,122.0,0,0.0,0,0,49.83870967741935,0.049681,0,0.049681,122.0,0,0.0
0,0,1,0,0.05522,0,153.0,0,0.0,0,0,49.83870967741935,0.05522,0,0.05522,153.0,0,0.0
0,0,1,0,0.059843,0,104.0,0,0.0,0,0,49.83870967741935,0.059843,0,0.059843,104.0,0,0.0
0,0,1,0,0.058511,0,136.0,0,0.0,0,0,49.83870967741935,0.058511,0,0.058511,136.0,0,0.0
0,0,1,0,0.058868,0,87.0,0,0.0,0,0,49.83870967741935,0.058868,0,0.058868,87.0,0,0.0
0,0,1,0.5989420000000001,4.601534,0,60.0,96,0.0,83,119,1695.2457627118645,0.03866835294117647,88283.16817826404,0.86776525210084,60.0,0,0.012460773109243699
0,0,0,0,0,0,0,1,0,0,0,57.0,0.0,0,0.0,0,0,0.0
0,0,0,0,0,0,0,1,0,0,0,57.0,0.0,0,0.0,0,0,0.0
0,0,0,0,0,0,0,1,0,0,0,46.0,0.0,0,0.0,0,0,0.0
0,0,0,0,0,0,0,1,0,0,0,46.0,0.0,0,0.0,0,0,0.0
0,0,1,0,0.041585,0,62.0,0,0.0,0,0,46.0,0.041585,0,0.041585,62.0,0,0.0
0,0,1,0,0.041373,0,111.0,0,0.0,0,0,46.0,0.041373,0,0.041373,111.0,0,0.0
0,0,0,0.22200600000000004,1.703933,0,0,5,0,5,12,90.84615384615384,0.13107176923076921,1703.118608536838,0.6962586153846153,0,64240,0.04724315384615384
0,0,1,0,0.050767,0,142.0,0,0.0,0,0,90.84615384615384,0.050767,0,0.050767,142.0,0,0.0
0,0,1,0,0.051535,0,93.0,0,0.0,0,0,90.84615384615384,0.051535,0,0.051535,93.0,0,0.0
0,0,1,0.8584160000000001,1.703806,0,52.0,7,0.0,6,9,1902.875,0.18931177777777777,18057.22012952179,0.9505285555555556,52.0,0,0.1582621111111111
0,0,0,0,0,0,0,1,0,0,0,68.0,0.0,0,0.0,0,0,0.0
0,0,0,0,0,0,0,1,0,0,0,68.0,0.0,0,0.0,0,0,0.0
0,0,0,0,0,0,0,1,0,0,0,57.0,0.0,0,0.0,0,0,0.0
0,0,1,0,0.007441,0,57.0,0,0.0,0,0,57.0,0.007441,0,0.007441,57.0,0,0.0
0,0,0,0.13262200000000002,0.471159,0,0,4,0,4,10,73.45454545454545,0.042832636363636364,4660.846975224924,0.22478263636363635,0,64240,0.02967927272727273
0,0,0,0.061653,1.630956,0,0,14,0,14,30,57.12903225806452,0.05261148387096774,3165.0148747115186,0.2592154516129032,0,64240,0.005394290322580644
0,0,0,0.11162500000000003,0.452838,0,0,4,0,4,11,67.33333333333333,0.0377365,4964.247700060507,0.21924516666666669,0,64240,0.024547833333333335
0,0,0,0.13526700000000003,0.451042,0,0,4,0,4,10,73.45454545454545,0.04100381818181818,4868.726194012975,0.23545236363636365,0,64240,0.03255018181818182
0,0,0,0.129966,0.446927,0,0,4,0,4,10,57.714285714285715,0.03192335714285714,5182.054339970509,0.2538922857142857,0,64240,0.014983428571428573
0,0,0,0.114768,0.445559,0,0,4,0,4,10,62.15384615384615,0.03427376923076923,5108.189936686275,0.2285724615384615,0,64240,0.015638076923076925
0,0,1,0,0.058676,0,153.0,0,0.0,0,0,62.15384615384615,0.058676,0,0.058676,153.0,0,0.0
0,0,1,0.155453,0.470996,0,60.0,6,0.0,6,13,392.25,0.03623046153846154,21337.760830240597,0.3136995384615385,60.0,0,0.024411692307692304
0,0,1,0,0.071441,0,104.0,0,0.0,0,0,392.25,0.071441,0,0.071441,104.0,0,0.0
0,0,1,1.388236,1.757472,0,60.0,25,0.0,19,37,930.9166666666666,0.04749924324324324,39202.90052985197,0.3126403243243244,60.0,0,0.04045791891891892
0,0,1,0.004705999999999988,0.452679,0,60.0,7,0.0,6,13,392.25,0.03482146153846154,22174.653562458167,0.287093,60.0,0,0.0004346153846153837
0,0,1,0.023622000000000032,0.445477,0,60.0,7,0.0,6,12,427.90909090909093,0.037123083333333334,22416.42104979606,0.2736959166666667,60.0,0,0.001968583333333334
0,0,1,0.0012099999999999889,0.446719,0,60.0,7,0.0,6,13,392.25,0.034363,22470.501590485295,0.3025602307692308,60.0,0,0.00014392307692307567
0,0,1,0.142258,0.450911,0,60.0,6,0.0,6,11,470.7,0.04099190909090909,22030.955110875537,0.30075145454545454,60.0,0,0.02171245454545454
0,0,0,0,0,0,0,0,0,0,0,470.7,0,0,0.30075145454545454,0,0,0
0,0,0,0,0,0,0,0,0,0,0,470.7,0,0,0.30075145454545454,0,0,0
0,0,0,0,0,0,0,1,0,0,0,49.0,0.0,0,0.0,0,0,0.0
0,0,0,0,0,0,0,1,0,0,0,49.0,0.0,0,0.0,0,0,0.0
0,0,0,0,0,0,0,1,0,0,0,38.0,0.0,0,0.0,0,0,0.0
0,0,0,0,0,0,0,1,0,0,0,38.0,0.0,0,0.0,0,0,0.0
0,0,1,0,0.040343,0,208.0,0,0.0,0,0,38.0,0.040343,0,0.040343,208.0,0,0.0
0,0,1,0,0.039775,0,181.0,0,0.0,0,0,38.0,0.039775,0,0.039775,181.0,0,0.0
0,0,1,0,0.040711,0,177.0,0,0.0,0,0,38.0,0.040711,0,0.040711,177.0,0,0.0
0,0,0,0.10005900000000001,0.966936,0,0,5,0,5,13,122.57142857142857,0.06906685714285714,3859.6142867780286,0.26812714285714284,0,64900,0.020386857142857144
0,0,1,0,0.048562,0,212.0,0,0.0,0,0,122.57142857142857,0.048562,0,0.048562,212.0,0,0.0
0,0,1,0.69681,0.966744,0,32.0,8,0.0,6,14,669.4615384615385,0.06905314285714285,18273.710516951745,0.30002135714285716,32.0,0,0.05536407142857143
0,0,0,0,0,0,0,1,0,0,0,51.0,0.0,0,0.0,0,0,0.0
0,0,0,0,0,0,0,1,0,0,0,51.0,0.0,0,0.0,0,0,0.0
0,0,0,0,0,0,0,1,0,0,0,40.0,0.0,0,0.0,0,0,0.0
0,0,0,0,0,0,0,1,0,0,0,40.0,0.0,0,0.0,0,0,0.0
0,0,1,0,0.19177,0,139.0,0,0.0,0,0,40.0,0.19177,0,0.19177,139.0,0,0.0
0,0,1,0,0.191742,0,87.0,0,0.0,0,0,40.0,0.191742,0,0.191742,87.0,0,0.0
0,0,0,1.1175669999999998,7.31831,0,0,13,0,13,40,66.95121951219512,0.17849536585365855,1042.5904341302842,2.5676190731707313,0,64240,0.08922492682926829
0,0,1,0,0.240733,0,108.0,0,0.0,0,0,66.95121951219512,0.240733,0,0.240733,108.0,0,0.0
0,0,1,0,0.244244,0,108.0,0,0.0,0,0,66.95121951219512,0.244244,0,0.244244,108.0,0,0.0
0,0,0,0.409042,1.940443,0,0,4,0,4,9,62.15384615384615,0.14926484615384614,1166.743882711319,1.1397446923076924,0,64240,0.09050107692307693
0,0,1,2.760822,7.714531,0,60.0,31,0.0,25,43,1090.8139534883721,0.17533025,12451.567049247711,2.7655304090909087,60.0,0,0.1247620909090909
0,0,1,0.409212,1.940288,0,60.0,5,0.0,5,11,495.2,0.17638981818181818,5372.398324372464,1.3116626363636366,60.0,0,0.06989818181818182
0,0,0,0,0,0,0,1,0,0,0,64.0,0.0,0,0.0,0,0,0.0
0,0,0,0,0,0,0,1,0,0,0,64.0,0.0,0,0.0,0,0,0.0
0,0,0,0,0,0,0,1,0,0,0,53.0,0.0,0,0.0,0,0,0.0
0,0,0,0,0,0,0,1,0,0,0,53.0,0.0,0,0.0,0,0,0.0
0,0,0,0,0,0,0,1,0,0,0,61.0,0.0,0,0.0,0,0,0.0
0,0,0,0,0,0,0,1,0,0,0,61.0,0.0,0,0.0,0,0,0.0
0,0,0,0,0,0,0,1,0,0,0,50.0,0.0,0,0.0,0,0,0.0
0,0,0,0,0,0,0,1,0,0,0,50.0,0.0,0,0.0,0,0,0.0
0,0,1,0,0.048449,0,97.0,0,0.0,0,0,50.0,0.048449,0,0.048449,97.0,0,0.0
0,0,1,0,0.054163,0,112.0,0,0.0,0,0,50.0,0.054163,0,0.054163,112.0,0,0.0
0,0,1,0,0.049417,0,78.0,0,0.0,0,0,50.0,0.049417,0,0.049417,78.0,0,0.0
0,0,1,0,0.049476,0,66.0,0,0.0,0,0,50.0,0.049476,0,0.049476,66.0,0,0.0
0,0,0,0.135936,1.524244,0,0,11,0,11,108,13.155963302752294,0.01398388990825688,4175.184550505038,0.8906426605504585,0,64900,0.005851192660550457
0,0,0,0,0,0,0,1,0,0,0,49.0,0.0,0,0.0,0,0,0.0
0,0,0,0,0,0,0,1,0,0,0,49.0,0.0,0,0.0,0,0,0.0
0,0,0,0,0,0,0,1,0,0,0,38.0,0.0,0,0.0,0,0,0.0
0,0,0,0,0,0,0,1,0,0,0,38.0,0.0,0,0.0,0,0,0.0
0,0,0,0.129877,0.646139,0,0,4,0,4,12,60.92307692307692,0.049703000000000004,3107.6904505067796,0.37819053846153844,0,64900,0.013340769230769229
0,0,1,0.09160099999999993,1.586283,0,40.0,166,0.0,144,178,1634.2598870056497,0.008911702247191011,368277.2872179806,1.0217999550561796,40.0,0,0.003266370786516854
0,0,1,0,0.100947,0,81.0,0,0.0,0,0,1634.2598870056497,0.100947,0,0.100947,81.0,0,0.0
0,0,1,0,0.106101,0,85.0,0,0.0,0,0,1634.2598870056497,0.106101,0,0.106101,85.0,0,0.0
0,0,1,0,0.03998,0,54.0,0,0.0,0,0,1634.2598870056497,0.03998,0,0.03998,54.0,0,0.0
0,0,0,0.09059,0.475151,0,0,4,0,4,12,60.92307692307692,0.03655007692307692,4226.024989950563,0.2219622307692308,0,64900,0.023845230769230768
0,0,0,0.09867200000000001,0.437129,0,0,4,0,4,11,49.5,0.0273205625,4703.417069103171,0.2137546875,0,64900,0.0253708125
0,0,0,0.07240200000000001,0.342992,0,0,4,0,4,11,66.0,0.02858266666666667,5761.067313523347,0.18139950000000002,0,64900,0.016195333333333336
0,0,0,0.080368,0.399423,0,0,4,0,4,11,56.57142857142857,0.028530214285714284,5047.280702413232,0.21345514285714287,0,64900,0.025271285714285715
0,0,0,0.082256,0.399149,0,0,4,0,4,11,66.0,0.03326241666666666,4950.532257377571,0.20467816666666663,0,64900,0.020446
0,0,0,0.063995,1.368331,0,0,22,0,22,110,52.7027027027027,0.012327306306306306,11152.272366846912,0.45821778378378375,0,64900,0.003324747747747747
0,0,1,0,0.047272,0,100.0,0,0.0,0,0,52.7027027027027,0.047272,0,0.047272,100.0,0,0.0
0,0,1,0.07580400000000001,0.646044,0,40.0,5,0.0,4,9,660.625,0.07178266666666666,16757.3725628595,0.35476366666666664,40.0,0,0.011472333333333326
0,0,1,0,0.04816,0,131.0,0,0.0,0,0,660.625,0.04816,0,0.04816,131.0,0,0.0
0,0,1,0,0.048368,0,85.0,0,0.0,0,0,660.625,0.048368,0,0.048368,85.0,0,0.0
0,0,0,0.8599230000000001,1.311671,0,0,6,0,6,16,70.05882352941177,0.07715711764705882,2349.6745754080102,0.358035705882353,0,64240,0.06352905882352942
0,0,1,0,0.136842,0,109.0,0,0.0,0,0,70.05882352941177,0.136842,0,0.136842,109.0,0,0.0
0,0,1,0.0064599999999999935,0.342865,0,40.0,4,0.0,4,8,814.5714285714286,0.042858125,33914.22279906086,0.185944,40.0,0,0.0008074999999999992
0,0,1,0.10369099999999998,1.368242,0,40.0,134,0.0,118,150,1472.7718120805368,0.009121613333333334,324259.88969787507,0.48496914000000013,40.0,0,0.0021050466666666674
0,0,1,0.13112700000000002,0.437067,0,40.0,6,0.0,5,11,572.4,0.039733363636363636,26924.93370581627,0.22128900000000004,40.0,0,0.027070545454545458
0,0,1,0.13903900000000002,0.399383,0,40.0,6,0.0,5,9,715.5,0.04437588888888889,29305.203276053315,0.213849,40.0,0,0.024163000000000004
0,0,1,0.008871999999999991,0.399092,0,40.0,4,0.0,4,8,814.5714285714286,0.0498865,29136.139035610835,0.21405762500000003,40.0,0,0.0014016249999999966
0,0,1,0.167162,0.475105,0,40.0,5,0.0,4,9,712.75,0.052789444444444444,24541.943359888868,0.23345133333333334,40.0,0,0.03361811111111111
0,0,1,0.170957,1.311653,0,52.0,9,0.0,9,13,750.1666666666666,0.10089638461538461,14092.141747855569,0.4328898461538462,52.0,0,0.02560707692307692
0,0,0,0,0,0,0,0,0,0,0,750.1666666666666,0,0,0.4328898461538462,0,0,0
0,0,0,0,0,0,0,0,0,0,0,750.1666666666666,0,0,0.4328898461538462,0,0,0
0,0,1,0,0.196459,0,116.0,0,0.0,0,0,750.1666666666666,0.196459,0,0.196459,116.0,0,0.0
0,0,0,0,0,0,0,1,0,0,0,54.0,0.0,0,0.0,0,0,0.0
0,0,0,0,0,0,0,1,0,0,0,54.0,0.0,0,0.0,0,0,0.0
0,0,0,0,0,0,0,1,0,0,0,43.0,0.0,0,0.0,0,0,0.0
0,0,0,0,0,0,0,1,0,0,0,43.0,0.0,0,0.0,0,0,0.0
0,0,1,0,0.025334,0,71.0,0,0.0,0,0,43.0,0.025334,0,0.025334,71.0,0,0.0
0,0,1,0,0.029437,0,102.0,0,0.0,0,0,43.0,0.029437,0,0.029437,102.0,0,0.0
0,0,1,0,0.029865,0,123.0,0,0.0,0,0,43.0,0.029865,0,0.029865,123.0,0,0.0
0,0,1,0,0.038139,0,154.0,0,0.0,0,0,43.0,0.038139,0,0.038139,154.0,0,0.0
0,0,0,0.275273,0.513056,0,0,5,0,5,9,103.0,0.05130559999999999,4654.4626707415955,0.17829509999999998,0,64900,0.0438095
0,0,0,0,0,0,0,1,0,0,0,50.0,0.0,0,0.0,0,0,0.0
0,0,0,0,0,0,0,1,0,0,0,50.0,0.0,0,0.0,0,0,0.0
0,0,0,0,0,0,0,1,0,0,0,39.0,0.0,0,0.0,0,0,0.0
0,0,0,0,0,0,0,1,0,0,0,39.0,0.0,0,0.0,0,0,0.0
0,0,0,0.6007739999999999,2.826406,0,0,83,0,0,0,149.27710843373495,0.034053084337349396,6474.653676789534,1.4176792891566266,0,0,0.020338060240963848
0,0,1,0,0.025756,0,102.0,0,0.0,0,0,149.27710843373495,0.025756,0,0.025756,102.0,0,0.0
0,0,1,0,0.025709,0,90.0,0,0.0,0,0,149.27710843373495,0.025709,0,0.025709,90.0,0,0.0
0,0,0,0.14911100000000002,10.294358,0,0,1,0,1,4,83.6,2.0588716000000002,97.52915140507062,2.1169376,0,64900,0.03918680000000001
0,0,0,0.20880899999999997,10.294256,0,0,1,0,1,4,83.6,2.0588512000000003,97.53011776664579,2.1308216,0,64900,0.0516156
0,0,1,0.206967,0.512891,0,40.0,5,0.0,5,10,513.7777777777778,0.0512891,18592.64444102158,0.26547489999999996,40.0,0,0.0324931
0,0,1,0.07497100000000001,10.400194,0,40.0,1,0.0,1,4,233.66666666666666,2.6000485,144.0357747172793,2.6911020000000003,40.0,0,0.018742750000000002
0,0,1,0.08241699999999999,10.371,0,40.0,1,0.0,1,4,233.66666666666666,2.59275,144.44123035387136,2.71421675,40.0,0,0.020604249999999998
0,0,1,0,0.121961,0,133.0,0,0.0,0,0,233.66666666666666,0.121961,0,0.121961,133.0,0,0.0
0,0,1,0,0.149828,0,121.0,0,0.0,0,0,233.66666666666666,0.149828,0,0.149828,121.0,0,0.0
0,0,0,0,0,0,0,0,0,0,0,233.66666666666666,0,0,0.149828,0,0,0
0,0,0,4.800522,9.302778,0,0,11,0,0,0,1345.0,0.8457070909090909,1648.324833721712,3.1100730909090903,0,0,0.8456569090909091
0,0,0,0,0,0,0,0,0,0,0,1345.0,0,0,3.1100730909090903,0,0,0
0,0,0,0,0,0,0,0,0,0,0,1345.0,0,0,3.1100730909090903,0,0,0
0,0,0,0,0,0,0,1,0,0,0,61.0,0.0,0,0.0,0,0,0.0
0,0,0,0,0,0,0,1,0,0,0,61.0,0.0,0,0.0,0,0,0.0
0,0,0,0,0,0,0,1,0,0,0,50.0,0.0,0,0.0,0,0,0.0
0,0,0,0,0,0,0,1,0,0,0,50.0,0.0,0,0.0,0,0,0.0
0,0,0,0,0,0,0,1,0,0,0,49.0,0.0,0,0.0,0,0,0.0
0,0,0,0,0,0,0,1,0,0,0,49.0,0.0,0,0.0,0,0,0.0
0,0,0,0,0,0,0,1,0,0,0,38.0,0.0,0,0.0,0,0,0.0
0,0,0,0,0,0,0,1,0,0,0,38.0,0.0,0,0.0,0,0,0.0
0.5711989999999998,0,476,0,2.824745,0,1164.3235294117646,0,195.71283293585816,0,0,38.0,0.0059343382352941175,0,1.412059233193279,1208.0,0,0.0018237962184873954
0,0,0,0,0,0,0,1,0,0,0,57.0,0.0,0,0.0,0,0,0.0
0,0,0,0,0,0,0,1,0,0,0,57.0,0.0,0,0.0,0,0,0.0
0,0,0,0,0,0,0,1,0,0,0,46.0,0.0,0,0.0,0,0,0.0
0,0,0,0,0,0,0,1,0,0,0,46.0,0.0,0,0.0,0,0,0.0
0,0,0,0,0,0,0,1,0,0,0,49.0,0.0,0,0.0,0,0,0.0
0,0,0,0,0,0,0,1,0,0,0,49.0,0.0,0,0.0,0,0,0.0
0,0,0,0,0,0,0,1,0,0,0,38.0,0.0,0,0.0,0,0,0.0
0,0,0,0,0,0,0,1,0,0,0,38.0,0.0,0,0.0,0,0,0.0
0,0,1,0,0.033808,0,78.0,0,0.0,0,0,38.0,0.033808,0,0.033808,78.0,0,0.0
0,0,1,0,0.03469,0,66.0,0,0.0,0,0,38.0,0.03469,0,0.03469,66.0,0,0.0
0,0,1,0,0.040375,0,100.0,0,0.0,0,0,38.0,0.040375,0,0.040375,100.0,0,0.0
0,0,1,0,0.052344,0,109.0,0,0.0,0,0,38.0,0.052344,0,0.052344,109.0,0,0.0
0,0,1,0,0.040897,0,54.0,0,0.0,0,0,38.0,0.040897,0,0.040897,54.0,0,0.0
0,0,0,0.071936,0.315881,0,0,4,0,4,9,56.57142857142857,0.022562928571428574,6850.681110924683,0.18788021428571428,0,64240,0.016992928571428575
0,0,0,0,0,0,0,1,0,0,0,50.0,0.0,0,0.0,0,0,0.0
0,0,0,0,0,0,0,1,0,0,0,50.0,0.0,0,0.0,0,0,0.0
0,0,0,0,0,0,0,1,0,0,0,39.0,0.0,0,0.0,0,0,0.0
0,0,0,0,0,0,0,1,0,0,0,39.0,0.0,0,0.0,0,0,0.0
0,0,1,0,0.053398,0,137.0,0,0.0,0,0,39.0,0.053398,0,0.053398,137.0,0,0.0
0,0,1,0,0.063764,0,131.0,0,0.0,0,0,39.0,0.063764,0,0.063764,131.0,0,0.0
0,0,1,0,0.04986,0,173.0,0,0.0,0,0,39.0,0.04986,0,0.04986,173.0,0,0.0
0,0,1,0,0.049791,0,169.0,0,0.0,0,0,39.0,0.049791,0,0.049791,169.0,0,0.0
0,0,1,0,0.053968,0,94.0,0,0.0,0,0,39.0,0.053968,0,0.053968,94.0,0,0.0
0,0,1,0,0.050276,0,142.0,0,0.0,0,0,39.0,0.050276,0,0.050276,142.0,0,0.0
0,0,1,0,0.053942,0,106.0,0,0.0,0,0,39.0,0.053942,0,0.053942,106.0,0,0.0
0,0,1,0,0.050336,0,138.0,0,0.0,0,0,39.0,0.050336,0,0.050336,138.0,0,0.0
0,0,0,0.17416600000000004,0.891168,0,0,7,0,7,20,83.71428571428571,0.04243657142857143,4452.583575711875,0.30881128571428573,0,64900,0.024542904761904762
0,0,1,0,0.054793,0,125.0,0,0.0,0,0,83.71428571428571,0.054793,0,0.054793,125.0,0,0.0
0,0,1,0,0.065151,0,85.0,0,0.0,0,0,83.71428571428571,0.065151,0,0.065151,85.0,0,0.0
0,0,0,0,0,0,0,1,0,0,0,56.0,0.0,0,0.0,0,0,0.0
0,0,0,0,0,0,0,1,0,0,0,56.0,0.0,0,0.0,0,0,0.0
0,0,0,0,0,0,0,1,0,0,0,45.0,0.0,0,0.0,0,0,0.0
0,0,0,0,0,0,0,1,0,0,0,45.0,0.0,0,0.0,0,0,0.0
0,0,0,0,0,0,0,1,0,0,0,53.0,0.0,0,0.0,0,0,0.0
0,0,0,0,0,0,0,1,0,0,0,53.0,0.0,0,0.0,0,0,0.0
0,0,0,0,0,0,0,1,0,0,0,42.0,0.0,0,0.0,0,0,0.0
0,0,0,0,0,0,0,1,0,0,0,42.0,0.0,0,0.0,0,0,0.0
0,0,0,0,0,0,0,1,0,0,0,56.0,0.0,0,0.0,0,0,0.0
0,0,0,0,0,0,0,1,0,0,0,56.0,0.0,0,0.0,0,0,0.0
0,0,0,0,0,0,0,1,0,0,0,45.0,0.0,0,0.0,0,0,0.0
0,0,0,0,0,0,0,1,0,0,0,45.0,0.0,0,0.0,0,0,0.0
0,0,0,0,0,0,0,1,0,0,0,60.0,0.0,0,0.0,0,0,0.0
0,0,0,0,0,0,0,1,0,0,0,60.0,0.0,0,0.0,0,0,0.0
0,0,0,0,0,0,0,1,0,0,0,49.0,0.0,0,0.0,0,0,0.0
0,0,0,0,0,0,0,1,0,0,0,49.0,0.0,0,0.0,0,0,0.0
0,0,0,0,0,0,0,1,0,0,0,51.0,0.0,0,0.0,0,0,0.0
0,0,0,0,0,0,0,1,0,0,0,40.0,0.0,0,0.0,0,0,0.0
0,0,0,0,0,0,0,1,0,0,0,40.0,0.0,0,0.0,0,0,0.0
0,0,1,0,0.003084,0,40.0,0,0.0,0,0,40.0,0.003084,0,0.003084,40.0,0,0.0
0,0,1,0,0.003053,0,56.0,0,0.0,0,0,40.0,0.003053,0,0.003053,56.0,0,0.0
0,0,1,0,0.039344,0,98.0,0,0.0,0,0,40.0,0.039344,0,0.039344,98.0,0,0.0
0,0,1,0,0.040047,0,118.0,0,0.0,0,0,40.0,0.040047,0,0.040047,118.0,0,0.0
0,0,0,0.18550500000000003,4.723147,0,0,13,0,13,57,29.25862068965517,0.08143356896551725,1113.240811687631,3.568711534482758,0,64900,0.014159396551724136
0,0,1,0,0.041035,0,87.0,0,0.0,0,0,29.25862068965517,0.041035,0,0.041035,87.0,0,0.0
0,0,1,0,0.045769,0,67.0,0,0.0,0,0,29.25862068965517,0.045769,0,0.045769,67.0,0,0.0
0,0,1,0.21820099999999998,0.891094,0,32.0,13,0.0,11,20,1160.421052631579,0.0445547,49911.68159588102,0.33608305,32.0,0,0.0252637
0,0,0,0,0,0,0,1,0,0,0,64.0,0.0,0,0.0,0,0,0.0
0,0,0,0,0,0,0,1,0,0,0,64.0,0.0,0,0.0,0,0,0.0
0,0,0,0,0,0,0,1,0,0,0,53.0,0.0,0,0.0,0,0,0.0
0,0,0,0,0,0,0,1,0,0,0,53.0,0.0,0,0.0,0,0,0.0
0,0,0,0,0,0,0,1,0,0,0,51.0,0.0,0,0.0,0,0,0.0
0,0,0,0,0,0,0,1,0,0,0,40.0,0.0,0,0.0,0,0,0.0
0,0,1,0.10292600000000002,0.315771,0,52.0,5,0.0,5,9,547.375,0.03508566666666667,28748.681797885176,0.2053492222222222,52.0,0,0.011610111111111111
0,0,1,0,0.125542,0,97.0,0,0.0,0,0,547.375,0.125542,0,0.125542,97.0,0,0.0
0,0,1,0,0.002678,0,40.0,0,0.0,0,0,547.375,0.002678,0,0.002678,40.0,0,0.0
0,0,1,0,0.05862,0,61.0,0,0.0,0,0,547.375,0.05862,0,0.05862,61.0,0,0.0
0,0,1,0,0.056482,0,74.0,0,0.0,0,0,547.375,0.056482,0,0.056482,74.0,0,0.0
0,0,1,0,0.056416,0,70.0,0,0.0,0,0,547.375,0.056416,0,0.056416,70.0,0,0.0
0,0,1,0,0.055691,0,125.0,0,0.0,0,0,547.375,0.055691,0,0.055691,125.0,0,0.0
0,0,1,0,0.05858,0,73.0,0,0.0,0,0,547.375,0.05858,0,0.05858,73.0,0,0.0
0,0,1,0,0.055647,0,73.0,0,0.0,0,0,547.375,0.055647,0,0.055647,73.0,0,0.0
0,0,1,0,0.054952,0,129.0,0,0.0,0,0,547.375,0.054952,0,0.054952,129.0,0,0.0
0,0,0,0.047998,0.692299,0,0,6,0,6,34,36.97142857142857,0.01977997142857143,5367.622949043694,0.4805567999999999,0,64900,0.0033636857142857143
0,0,0,0.07762100000000001,0.311145,0,0,5,0,5,12,83.07692307692308,0.02393423076923077,7842.002924681418,0.17131423076923075,0,64900,0.011779230769230766
0,0,1,0,0.063561,0,104.0,0,0.0,0,0,83.07692307692308,0.063561,0,0.063561,104.0,0,0.0
0,0,1,0,0.063033,0,108.0,0,0.0,0,0,83.07692307692308,0.063033,0,0.063033,108.0,0,0.0
0,0,1,0,0.066692,0,104.0,0,0.0,0,0,83.07692307692308,0.066692,0,0.066692,104.0,0,0.0
0,0,1,0,0.066871,0,92.0,0,0.0,0,0,83.07692307692308,0.066871,0,0.066871,92.0,0,0.0
0,0,1,0,0.064743,0,101.0,0,0.0,0,0,83.07692307692308,0.064743,0,0.064743,101.0,0,0.0
0,0,1,0,0.063528,0,77.0,0,0.0,0,0,83.07692307692308,0.063528,0,0.063528,77.0,0,0.0
0,0,0,0.255093,0.98211,0,0,6,0,6,25,46.80769230769231,0.03777346153846154,3333.6387980979725,0.4304166923076923,0,64900,0.024250846153846154
0,0,1,0,0.070097,0,156.0,0,0.0,0,0,46.80769230769231,0.070097,0,0.070097,156.0,0,0.0
0,0,1,0,0.074213,0,105.0,0,0.0,0,0,46.80769230769231,0.074213,0,0.074213,105.0,0,0.0
0,0,1,0,0.072665,0,160.0,0,0.0,0,0,46.80769230769231,0.072665,0,0.072665,160.0,0,0.0
0,0,1,0,0.051088,0,81.0,0,0.0,0,0,46.80769230769231,0.051088,0,0.051088,81.0,0,0.0
0,0,1,0,0.05123,0,112.0,0,0.0,0,0,46.80769230769231,0.05123,0,0.05123,112.0,0,0.0
0,0,1,0,0.051072,0,69.0,0,0.0,0,0,46.80769230769231,0.051072,0,0.051072,69.0,0,0.0
0,0,1,0,0.042681,0,139.0,0,0.0,0,0,46.80769230769231,0.042681,0,0.042681,139.0,0,0.0
0,0,1,0,0.052189,0,100.0,0,0.0,0,0,46.80769230769231,0.052189,0,0.052189,100.0,0,0.0
0,0,1,0.26476999999999995,0.684778,0,40.0,40,0.0,31,46,1554.911111111111,0.014886478260869565,206481.5166375088,0.5455503043478259,40.0,0,0.010252108695652174
0,0,1,0.093332,0.38552,0,32.0,9,0.0,9,12,693.0909090909091,0.032126666666666664,40122.43203984229,0.22223783333333333,32.0,0,0.009935166666666667
0,0,1,0.1911670000000001,4.723096,0,40.0,67,0.0,63,75,1937.0,0.06297461333333333,61197.99385826585,3.720560373333333,40.0,0,0.010287506666666689
0,0,1,0.09998200000000002,0.98196,0,40.0,21,0.0,17,27,1161.8461538461538,0.03636888888888889,62373.212758157155,0.49262807407407405,40.0,0,0.005119518518518523
0,0,1,0,0.15548,0,139.0,0,0.0,0,0,1161.8461538461538,0.15548,0,0.15548,139.0,0,0.0
0,0,0,0,0,0,0,0,0,0,0,1161.8461538461538,0,0,0.15548,0,0,0
0,0,0,0,0,0,0,0,0,0,0,1161.8461538461538,0,0,0.15548,0,0,0
0,0,0,2.286776,9.31441,0,0,41,0,0,0,480.4390243902439,0.2271807317073171,2699.0437397537794,5.146187756097561,0,0,0.17543721951219515
0,0,0,3.102455,5.15938,0,0,17,0,17,26,104.5925925925926,0.19108814814814815,1263.7177335261215,1.4652329999999998,0,64900,0.16087544444444446
0,0,0,0,0,0,0,1,0,0,0,64.0,0.0,0,0.0,0,0,0.0
0,0,0,0,0,0,0,1,0,0,0,64.0,0.0,0,0.0,0,0,0.0
0,0,0,0,0,0,0,1,0,0,0,53.0,0.0,0,0.0,0,0,0.0
0,0,0,0,0,0,0,1,0,0,0,53.0,0.0,0,0.0,0,0,0.0
0,0,1,0,0.037384,0,100.0,0,0.0,0,0,53.0,0.037384,0,0.037384,100.0,0,0.0
0,0,1,0.45410500000000004,5.222459,0,40.0,28,0.0,28,45,663.0681818181819,0.11605464444444444,11447.098004981945,1.5126010444444444,40.0,0,0.019959888888888846
0,0,1,0,0.045408,0,112.0,0,0.0,0,0,663.0681818181819,0.045408,0,0.045408,112.0,0,0.0
0,0,1,0,0.045574,0,69.0,0,0.0,0,0,663.0681818181819,0.045574,0,0.045574,69.0,0,0.0
0,0,1,0,0.045807,0,81.0,0,0.0,0,0,663.0681818181819,0.045807,0,0.045807,81.0,0,0.0
0,0,0,0.114848,0.33128,0,0,7,0,7,17,81.83333333333333,0.018404444444444445,10764.308138130886,0.1955357222222222,0,64900,0.015827500000000008
0,0,1,0.06484400000000001,0.33117,0,40.0,8,0.0,8,16,151.46666666666667,0.020698125,15170.456261134763,0.225467625,40.0,0,0.0093314375
0,0,0,0,0,0,0,1,0,0,0,63.0,0.0,0,0.0,0,0,0.0
0,0,0,0,0,0,0,1,0,0,0,63.0,0.0,0,0.0,0,0,0.0
0,0,0,0,0,0,0,1,0,0,0,52.0,0.0,0,0.0,0,0,0.0
0,0,0,0,0,0,0,1,0,0,0,52.0,0.0,0,0.0,0,0,0.0
0,0,1,0,0.024629,0,132.0,0,0.0,0,0,52.0,0.024629,0,0.024629,132.0,0,0.0
0,0,1,0,0.026422,0,163.0,0,0.0,0,0,52.0,0.026422,0,0.026422,163.0,0,0.0
0,0,1,0,0.026143,0,111.0,0,0.0,0,0,52.0,0.026143,0,0.026143,111.0,0,0.0
0,0,0,0.070358,0.279267,0,0,4,0,4,9,79.2,0.0279267,6846.4945732936585,0.1310426,0,64900,0.027400400000000002
0,0,1,0,0.034796,0,80.0,0,0.0,0,0,79.2,0.034796,0,0.034796,80.0,0,0.0
0,0,0,0,0,0,0,0,0,0,0,79.2,0,0,0.034796,0,0,0
0,0,0,0,0,0,0,1,0,0,0,60.0,0.0,0,0.0,0,0,0.0
0,0,0,0,0,0,0,1,0,0,0,60.0,0.0,0,0.0,0,0,0.0
0,0,0,0,0,0,0,1,0,0,0,49.0,0.0,0,0.0,0,0,0.0
0,0,0,0,0,0,0,1,0,0,0,49.0,0.0,0,0.0,0,0,0.0
0,0,1,0.09990299999999999,0.279177,0,40.0,3,0.0,3,7,574.0,0.039882428571428576,25360.25532189256,0.15449528571428575,40.0,0,0.02419928571428572
0,0,1,0,0.039844,0,96.0,0,0.0,0,0,574.0,0.039844,0,0.039844,96.0,0,0.0
0,0,1,0,0.039965,0,108.0,0,0.0,0,0,574.0,0.039965,0,0.039965,108.0,0,0.0
0,0,1,0,0.040252,0,202.0,0,0.0,0,0,574.0,0.040252,0,0.040252,202.0,0,0.0
0,0,0,0.458016,1.77385,0,0,3,0,3,10,92.36363636363636,0.1612590909090909,1348.4792964455846,1.0343392727272727,0,64900,0.07894563636363636
0,0,1,0,0.078347,0,214.0,0,0.0,0,0,92.36363636363636,0.078347,0,0.078347,214.0,0,0.0
0,0,0,0,0,0,0,0,0,0,0,92.36363636363636,0,0,0.078347,0,0,0
0,0,0,4.800976,9.303793,0,0,11,0,0,0,1345.0,0.8457993636363637,1648.145009245154,3.1104623636363637,0,0,0.8457502727272729
2.457928,0,85,0,9.416956,0,911.6,0,463.85287221146325,0,0,1345.0,0.11078771764705883,0,6.7791370117647105,1208.0,0,0.03542461176470587
0,0,0,0,0,0,0,0,0,0,0,1345.0,0,0,6.7791370117647105,0,0,0
0,0,0,0,0,0,0,0,0,0,0,1345.0,0,0,6.7791370117647105,0,0,0
0,0,0,0,0,0,0,1,0,0,0,54.0,0.0,0,0.0,0,0,0.0
0,0,0,0,0,0,0,1,0,0,0,54.0,0.0,0,0.0,0,0,0.0
0,0,0,0,0,0,0,1,0,0,0,43.0,0.0,0,0.0,0,0,0.0
0,0,0,0,0,0,0,1,0,0,0,43.0,0.0,0,0.0,0,0,0.0
0,0,0,3.810914,6.139279,0,0,3,0,3,11,50.416666666666664,0.5116065833333333,300.0352321502248,2.1380309166666667,0,64240,0.4707105833333334
0,0,1,0,0.066472,0,123.0,0,0.0,0,0,50.416666666666664,0.066472,0,0.066472,123.0,0,0.0
0,0,1,0,0.066917,0,154.0,0,0.0,0,0,50.416666666666664,0.066917,0,0.066917,154.0,0,0.0
0,0,1,0,0.070822,0,71.0,0,0.0,0,0,50.416666666666664,0.070822,0,0.070822,71.0,0,0.0
0,0,0,0.06277999999999999,0.63096,0,0,3,0,3,8,115.11111111111111,0.07010666666666666,3753.011284392038,0.17008344444444445,0,64900,0.014026111111111109
0,0,1,0,0.075264,0,102.0,0,0.0,0,0,115.11111111111111,0.075264,0,0.075264,102.0,0,0.0
0,0,0,0,0,0,0,0,0,0,0,115.11111111111111,0,0,0.075264,0,0,0
0,0,1,0.383675,0.630652,0,40.0,4,0.0,3,7,728.1666666666666,0.09009314285714286,14159.94875145088,0.21274428571428575,40.0,0,0.05629642857142857
0,0,0,0,0,0,0,0,0,0,0,728.1666666666666,0,0,0.21274428571428575,0,0,0
0,0,1,0.02978000000000003,1.773823,0,40.0,6,0.0,6,10,797.6666666666666,0.1773823,8256.742640049204,1.2587732,40.0,0,0.003867799999999988
0,0,0,0.09910000000000008,1.295441,0,0,6,0,6,74,15.2,0.017272546666666666,3618.844856693589,0.8645187599999999,0,64900,0.00398061333333333
0,0,0,0.261058,0.517366,0,0,5,0,5,11,87.41666666666667,0.04311383333333333,4812.840426313287,0.22137341666666666,0,64900,0.03468558333333333
0,0,0,0.11072099999999999,0.310846,0,0,6,0,6,11,124.08333333333333,0.025903833333333334,10841.381262747469,0.1704975833333333,0,64900,0.020779750000000003
0,0,1,0.068133,0.35451,0,40.0,9,0.0,9,17,449.4375,0.020853529411764705,42012.91924064201,0.22933399999999995,40.0,0,0.009567941176470588
0,0,1,0.645205,1.36532,0,40.0,81,0.0,71,85,1941.2380952380952,0.01606258823529412,240834.38314827293,0.8728971176470595,40.0,0,0.010278894117647062
0,0,1,0.16137799999999997,0.514275,0,40.0,16,0.0,14,20,1332.842105263158,0.02571375,99666.52083029506,0.38367775,40.0,0,0.013835950000000003
0,0,0,0,0,0,0,0,0,0,0,1332.842105263158,0,0,0.38367775,0,0,0
0,0,1,4.3347169999999995,6.139174,0,60.0,5,0.0,5,11,679.3,0.5581067272727273,2297.7032415109916,2.503506454545455,60.0,0,0.4025480909090909
0,0,0,2.400692,4.504788,0,0,9,0,0,0,1345.0,0.500532,2785.036720928932,1.736059,0,0,0.5004436666666666
0,0,0,0,0,0,0,1,0,0,0,51.0,0.0,0,0.0,0,0,0.0
0,0,0,0,0,0,0,1,0,0,0,51.0,0.0,0,0.0,0,0,0.0
0,0,0,0,0,0,0,1,0,0,0,40.0,0.0,0,0.0,0,0,0.0
0,0,0,0,0,0,0,1,0,0,0,40.0,0.0,0,0.0,0,0,0.0
0,0,0,0,0,0,0,1,0,0,0,53.0,0.0,0,0.0,0,0,0.0
0,0,0,0,0,0,0,1,0,0,0,53.0,0.0,0,0.0,0,0,0.0
0,0,0,0,0,0,0,1,0,0,0,42.0,0.0,0,0.0,0,0,0.0
0,0,0,0,0,0,0,1,0,0,0,42.0,0.0,0,0.0,0,0,0.0
0,0,1,0,0.031662,0,68.0,0,0.0,0,0,42.0,0.031662,0,0.031662,68.0,0,0.0
0,0,1,0,0.032425,0,56.0,0,0.0,0,0,42.0,0.032425,0,0.032425,56.0,0,0.0
0,0,1,0,0.031318,0,58.0,0,0.0,0,0,42.0,0.031318,0,0.031318,58.0,0,0.0
0,0,0,0.11524000000000001,0.332526,0,0,6,0,6,10,134.1818181818182,0.03022963636363636,9960.123418920626,0.18386109090909092,0,64900,0.026001090909090915
0,0,1,0,0.031691,0,70.0,0,0.0,0,0,134.1818181818182,0.031691,0,0.031691,70.0,0,0.0
0,0,0,0.123993,0.380675,0,0,6,0,6,12,113.61538461538461,0.029282692307692308,8873.711170946346,0.21567492307692307,0,64900,0.01797023076923077
0,0,1,0,0.048754,0,99.0,0,0.0,0,0,113.61538461538461,0.048754,0,0.048754,99.0,0,0.0
0,0,1,0,0.048682,0,87.0,0,0.0,0,0,113.61538461538461,0.048682,0,0.048682,87.0,0,0.0
0,0,1,0,0.047286,0,89.0,0,0.0,0,0,113.61538461538461,0.047286,0,0.047286,89.0,0,0.0
0,0,1,0,0.04741,0,101.0,0,0.0,0,0,113.61538461538461,0.04741,0,0.04741,101.0,0,0.0
0,0,0,0,0,0,0,1,0,0,0,53.0,0.0,0,0.0,0,0,0.0
0,0,0,0,0,0,0,1,0,0,0,53.0,0.0,0,0.0,0,0,0.0
0,0,0,0,0,0,0,1,0,0,0,42.0,0.0,0,0.0,0,0,0.0
0,0,0,0,0,0,0,1,0,0,0,42.0,0.0,0,0.0,0,0,0.0
0,0,1,0.07947499999999999,0.37386,0,40.0,8,0.0,8,15,392.2142857142857,0.024924,30572.94174289841,0.24879693333333336,40.0,0,0.01619606666666667
0,0,1,0.050792000000000004,0.458834,0,40.0,9,0.0,8,16,368.6666666666667,0.028677125,25150.708099225427,0.2785720625,40.0,0,0.0069526250000000005
0,0,1,0,0.057678,0,155.0,0,0.0,0,0,368.6666666666667,0.057678,0,0.057678,155.0,0,0.0
0,0,1,0,0.05815,0,151.0,0,0.0,0,0,368.6666666666667,0.05815,0,0.05815,151.0,0,0.0
0,0,1,0,0.058422,0,124.0,0,0.0,0,0,368.6666666666667,0.058422,0,0.058422,124.0,0,0.0
0,0,1,0,0.058876,0,120.0,0,0.0,0,0,368.6666666666667,0.058876,0,0.058876,120.0,0,0.0
0,0,0,0.30586399999999997,0.39368,0,0,1,0,1,3,104.0,0.09842,2458.8498272708803,0.14188075,0,64900,0.09797275
0,0,0,0,0,0,0,0,0,0,0,104.0,0,0,0.14188075,0,0,0
0,0,0,0.074179,0.165099,0,0,5,0,0,0,329.0,0.0330198,12077.601923694268,0.08863940000000001,0,0,0.014860799999999999
0,0,0,0,0,0,0,0,0,0,0,329.0,0,0,0.08863940000000001,0,0,0
0,0,0,0,0,0,0,0,0,0,0,329.0,0,0,0.08863940000000001,0,0,0
0.09834400000000001,0,10,0,0.196913,0,609.1,0,523.3594271626337,0,0,329.0,0.019691300000000002,0,0.1172723,1208.0,0,0.013219900000000001
0,0,1,0.19851100000000002,0.393602,0,40.0,1,0.0,1,3,483.0,0.13120066666666666,5071.112443534332,0.22487166666666666,40.0,0,0.06617033333333334
0,0,0,0,0,0,0,0,0,0,0,483.0,0,0,0.22487166666666666,0,0,0
0,0,0,0,0,0,0,1,0,0,0,42.0,0.0,0,0.0,0,0,0.0
0,0,0,0,0,0,0,1,0,0,0,42.0,0.0,0,0.0,0,0,0.0
0,0,0,0,0,0,0,1,0,0,0,62.0,0.0,0,0.0,0,0,0.0
0,0,0,0,0,0,0,1,0,0,0,62.0,0.0,0,0.0,0,0,0.0
0,0,0,0,0,0,0,1,0,0,0,42.0,0.0,0,0.0,0,0,0.0
0,0,0,0,0,0,0,1,0,0,0,42.0,0.0,0,0.0,0,0,0.0
0,0,1,0,0.002494,0,120.0,0,0.0,0,0,42.0,0.002494,0,0.002494,120.0,0,0.0
0,0,0,0,0,0,0,1,0,0,0,62.0,0.0,0,0.0,0,0,0.0
0,0,0,0,0,0,0,1,0,0,0,62.0,0.0,0,0.0,0,0,0.0
0,0,1,0,0.002152,0,90.0,0,0.0,0,0,62.0,0.002152,0,0.002152,90.0,0,0.0
0,0,1,0,0.002876,0,124.0,0,0.0,0,0,62.0,0.002876,0,0.002876,124.0,0,0.0
0,0,0,0.344206,0.465488,0,0,1,0,1,3,104.0,0.116372,2079.5380332038635,0.17688900000000002,0,64900,0.116248
0,0,1,0,0.003225,0,94.0,0,0.0,0,0,104.0,0.003225,0,0.003225,94.0,0,0.0
0,0,1,0,0.002298,0,120.0,0,0.0,0,0,104.0,0.002298,0,0.002298,120.0,0,0.0
0,0,1,0,0.00222,0,124.0,0,0.0,0,0,104.0,0.00222,0,0.00222,124.0,0,0.0
0,0,1,0,0.002262,0,90.0,0,0.0,0,0,104.0,0.002262,0,0.002262,90.0,0,0.0
0,0,1,0,0.002249,0,94.0,0,0.0,0,0,104.0,0.002249,0,0.002249,94.0,0,0.0
0,0,1,0.21182600000000001,0.465414,0,40.0,1,0.0,1,3,483.0,0.155138,4288.65483204201,0.2798973333333333,40.0,0,0.07060866666666667
0,0,0,0,0,0,0,1,0,0,0,61.0,0.0,0,0.0,0,0,0.0
0,0,0,0,0,0,0,1,0,0,0,61.0,0.0,0,0.0,0,0,0.0
0,0,1,0,0.042264,0,97.0,0,0.0,0,0,61.0,0.042264,0,0.042264,97.0,0,0.0
0,0,1,0,0.042592,0,109.0,0,0.0,0,0,61.0,0.042592,0,0.042592,109.0,0,0.0
0,0,0,0,0,0,0,0,0,0,0,61.0,0,0,0.042592,0,0,0
0,0,0,0,0,0,0,1,0,0,0,60.0,0.0,0,0.0,0,0,0.0
0,0,0,0,0,0,0,1,0,0,0,60.0,0.0,0,0.0,0,0,0.0
0,0,0,0,0,0,0,1,0,0,0,49.0,0.0,0,0.0,0,0,0.0
0,0,0,0,0,0,0,1,0,0,0,49.0,0.0,0,0.0,0,0,0.0
0,0,1,0,0.029234,0,161.0,0,0.0,0,0,49.0,0.029234,0,0.029234,161.0,0,0.0
0,0,1,0,0.029659,0,113.0,0,0.0,0,0,49.0,0.029659,0,0.029659,113.0,0,0.0
0,0,0,0.29934000000000005,1.070862,0,0,6,0,6,10,114.54545454545455,0.0973510909090909,2689.4221664416145,0.5313397272727273,0,64900,0.08368518181818183
0,0,1,0,0.08279,0,144.0,0,0.0,0,0,114.54545454545455,0.08279,0,0.08279,144.0,0,0.0
0,0,1,0,0.117845,0,192.0,0,0.0,0,0,114.54545454545455,0.117845,0,0.117845,192.0,0,0.0
0,0,1,0.44715900000000003,1.214089,0,40.0,7,0.0,7,11,562.8,0.11037172727272727,9534.721095405692,0.8036269999999999,40.0,0,0.05791054545454546
0,0,0,0,0,0,0,1,0,0,0,53.0,0.0,0,0.0,0,0,0.0
0,0,0,0,0,0,0,1,0,0,0,53.0,0.0,0,0.0,0,0,0.0
0,0,0,0,0,0,0,1,0,0,0,42.0,0.0,0,0.0,0,0,0.0
0,0,0,0,0,0,0,1,0,0,0,42.0,0.0,0,0.0,0,0,0.0
0,0,1,0,0.21851,0,118.0,0,0.0,0,0,42.0,0.21851,0,0.21851,118.0,0,0.0
0,0,1,0,0.219732,0,87.0,0,0.0,0,0,42.0,0.219732,0,0.219732,87.0,0,0.0
0,0,1,0,0.219821,0,99.0,0,0.0,0,0,42.0,0.219821,0,0.219821,99.0,0,0.0
0,0,1,0,0.219992,0,130.0,0,0.0,0,0,42.0,0.219992,0,0.219992,130.0,0,0.0
0,0,0,0.308576,1.181003,0,0,10,0,10,15,583.3125,0.0738126875,16245.513347552886,0.6691381249999999,0,64900,0.051600375
0,0,0,0,0,0,0,0,0,0,0,583.3125,0,0,0.6691381249999999,0,0,0
0,0,0,0.30691,0.577491,0,0,4,0,4,9,79.2,0.0577491,3657.1998524652336,0.42771700000000007,0,64240,0.055233999999999984
0,0,0,0,0,0,0,0,0,0,0,79.2,0,0,0.42771700000000007,0,0,0
0,0,1,0.33090900000000006,1.180925,0,40.0,9,0.0,9,17,259.0625,0.06946617647058824,7453.479264136165,0.8165899411764705,40.0,0,0.039657058823529406
0,0,1,0.05699299999999996,0.602197,0,60.0,5,0.0,5,8,418.77777777777777,0.0602197,13254.798678837657,0.5261859,60.0,0,0.008181299999999992
0,0,0,2.400926,4.50562,0,0,9,0,0,0,1345.0,0.5006244444444445,2784.5224408627446,1.7361308888888891,0,0,0.5005264444444445
0,0,0,0,0,0,0,0,0,0,0,1345.0,0,0,1.7361308888888891,0,0,0
0,0,0,0.632457,2.280587,0,0,7,0,0,0,316.42857142857144,0.32579814285714287,1374.2076053226647,0.6205618571428572,0,0,0.11746000000000001
0,0,0,0,0,0,0,1,0,0,0,54.0,0.0,0,0.0,0,0,0.0
0,0,0,0,0,0,0,1,0,0,0,54.0,0.0,0,0.0,0,0,0.0
0,0,0,0,0,0,0,1,0,0,0,43.0,0.0,0,0.0,0,0,0.0
0,0,0,0,0,0,0,1,0,0,0,43.0,0.0,0,0.0,0,0,0.0
0,0,1,0,0.022182,0,75.0,0,0.0,0,0,43.0,0.022182,0,0.022182,75.0,0,0.0
0,0,1,0,0.022565,0,71.0,0,0.0,0,0,43.0,0.022565,0,0.022565,71.0,0,0.0
0,0,1,0,0.027524,0,102.0,0,0.0,0,0,43.0,0.027524,0,0.027524,102.0,0,0.0
0,0,1,0,0.030112,0,106.0,0,0.0,0,0,43.0,0.030112,0,0.030112,106.0,0,0.0
0,0,0,0,0,0,0,0,0,0,0,43.0,0,0,0.030112,0,0,0
0,0,0,0,0,0,0,0,0,0,0,43.0,0,0,0.030112,0,0,0
1.080939,0,14,0,2.279231,0,484.35714285714283,0,491.0838751669408,0,0,43.0,0.16280221428571426,0,0.8049094285714286,1208.0,0,0.09057285714285712
0,0,0,0.27832399999999996,1.062625,0,0,7,0,7,17,88.05555555555556,0.05903472222222222,3532.7608516645105,0.4493180555555555,0,64900,0.031779166666666664
0,0,1,0.278096,1.062552,0,40.0,8,0.0,7,14,356.9230769230769,0.07589657142857142,9136.494025704154,0.48814828571428576,40.0,0,0.0208205
0,0,0,0,0,0,0,0,0,0,0,356.9230769230769,0,0,0.48814828571428576,0,0,0
0,0,0,0,0,0,0,1,0,0,0,47.0,0.0,0,0.0,0,0,0.0
0,0,0,0,0,0,0,1,0,0,0,47.0,0.0,0,0.0,0,0,0.0
0,0,0,0,0,0,0,1,0,0,0,36.0,0.0,0,0.0,0,0,0.0
0,0,0,0,0,0,0,1,0,0,0,36.0,0.0,0,0.0,0,0,0.0
0,0,1,0,0.05509,0,95.0,0,0.0,0,0,36.0,0.05509,0,0.05509,95.0,0,0.0
0,0,1,0,0.055215,0,115.0,0,0.0,0,0,36.0,0.055215,0,0.055215,115.0,0,0.0
0,0,1,0,0.055433,0,64.0,0,0.0,0,0,36.0,0.055433,0,0.055433,64.0,0,0.0
0,0,1,0,0.056671,0,84.0,0,0.0,0,0,36.0,0.056671,0,0.056671,84.0,0,0.0
0,0,0,0.136784,0.542172,0,0,4,0,4,9,79.2,0.0542172,3526.556148233402,0.2856953,0,64900,0.05212789999999999
0,0,0,0.141933,0.518911,0,0,4,0,4,10,72.0,0.04717372727272728,3746.3071702083785,0.28785818181818185,0,64900,0.03475409090909091
0,0,0,0.127301,0.523495,0,0,4,0,4,8,79.2,0.05234950000000001,3629.4520482526095,0.2625756,0,64900,0.0514324
0,0,0,0.298595,0.449392,0,0,8,0,0,0,549.125,0.056174,10899.170434720689,0.326261625,0,0,0.054300875000000005
0,0,1,0.14516700000000002,0.52342,0,40.0,4,0.0,4,7,576.8333333333334,0.07477428571428571,13591.379771502809,0.3121174285714285,40.0,0,0.03947442857142858
0,0,1,0.13757200000000003,0.5421,0,40.0,3,0.0,3,9,429.875,0.06023333333333333,13182.069728832319,0.381027,40.0,0,0.030966222222222235
0,0,1,0.12307500000000005,0.518831,0,40.0,4,0.0,4,7,576.6666666666666,0.07411871428571429,13707.739128926374,0.3238598571428572,40.0,0,0.036446142857142864
0,0,0,0,0,0,0,0,0,0,0,576.6666666666666,0,0,0.3238598571428572,0,0,0
0.050275000000000014,0,10,0,0.49963,0,490.5,0,507.0189838654959,0,0,576.6666666666666,0.049963,0,0.4262035,1208.0,0,0.006428299999999998
0,0,0,0,0,0,0,0,0,0,0,576.6666666666666,0,0,0.4262035,0,0,0
0,0,0,0,0,0,0,0,0,0,0,576.6666666666666,0,0,0.4262035,0,0,0
0,0,0,0,0,0,0,0,0,0,0,576.6666666666666,0,0,0.4262035,0,0,0
0,0,0,0.39814900000000003,0.637483,0,0,8,0,0,0,250.375,0.079685375,4251.093754656987,0.21513174999999998,0,0,0.07766300000000001
0,0,0,0,0,0,0,0,0,0,0,250.375,0,0,0.21513174999999998,0,0,0
1.6290689999999999,0,15,0,3.086436,0,524.1333333333333,0,467.2880434545223,0,0,250.375,0.20576239999999998,0,0.7719377999999999,1208.0,0,0.17088433333333333
0,0,0,0,0,0,0,0,0,0,0,250.375,0,0,0.7719377999999999,0,0,0
0,0,0,0,0,0,0,1,0,0,0,50.0,0.0,0,0.0,0,0,0.0
0,0,0,0,0,0,0,1,0,0,0,50.0,0.0,0,0.0,0,0,0.0
0,0,0,0,0,0,0,1,0,0,0,39.0,0.0,0,0.0,0,0,0.0
0,0,0,0,0,0,0,1,0,0,0,39.0,0.0,0,0.0,0,0,0.0
0,0,1,0,0.25361,0,118.0,0,0.0,0,0,39.0,0.25361,0,0.25361,118.0,0,0.0
0,0,1,0,0.258193,0,98.0,0,0.0,0,0,39.0,0.258193,0,0.258193,98.0,0,0.0
0,0,1,0,0.258633,0,87.0,0,0.0,0,0,39.0,0.258633,0,0.258633,87.0,0,0.0
0,0,0,0,0,0,0,1,0,0,0,39.0,0.0,0,0.0,0,0,0.0
0,0,0,0,0,0,0,1,0,0,0,39.0,0.0,0,0.0,0,0,0.0
0,0,0,0.16741899999999998,0.417558,0,0,4,0,4,7,97.75,0.05219475,4377.834935505965,0.241125125,0,64900,0.051579625
0,0,1,0,0.003252,0,87.0,0,0.0,0,0,97.75,0.003252,0,0.003252,87.0,0,0.0
0,0,1,0,0.270669,0,67.0,0,0.0,0,0,97.75,0.270669,0,0.270669,67.0,0,0.0
0,0,1,0,0.073598,0,67.0,0,0.0,0,0,97.75,0.073598,0,0.073598,67.0,0,0.0
0,0,0,0,0,0,0,0,0,0,0,97.75,0,0,0.073598,0,0,0
0,0,1,0.15245600000000004,0.567926,0,40.0,4,0.0,4,7,576.5,0.08113228571428573,12519.236661114299,0.34633528571428573,40.0,0,0.03911128571428572
0,0,0,0,0,0,0,1,0,0,0,53.0,0.0,0,0.0,0,0,0.0
0,0,0,0,0,0,0,1,0,0,0,53.0,0.0,0,0.0,0,0,0.0
0,0,0,0,0,0,0,1,0,0,0,42.0,0.0,0,0.0,0,0,0.0
0,0,0,0,0,0,0,1,0,0,0,42.0,0.0,0,0.0,0,0,0.0
0,0,1,0,0.03611,0,123.0,0,0.0,0,0,42.0,0.03611,0,0.03611,123.0,0,0.0
0,0,1,0,0.036499,0,176.0,0,0.0,0,0,42.0,0.036499,0,0.036499,176.0,0,0.0
0,0,1,0,0.036476,0,164.0,0,0.0,0,0,42.0,0.036476,0,0.036476,164.0,0,0.0
0,0,1,0,0.040511,0,219.0,0,0.0,0,0,42.0,0.040511,0,0.040511,219.0,0,0.0
0,0,0,0.074883,0.812464,0,0,6,0,6,159,7.11875,0.0050779,9115.480808995846,0.4687307437500001,0,64900,0.0027133437499999996
0,0,0,0.08339,0.253264,0,0,4,0,4,8,56.57142857142857,0.018090285714285715,7817.929117442669,0.17540457142857144,0,64900,0.016520999999999997
0,0,1,0.08617200000000003,0.898595,0,40.0,237,0.0,204,245,2511.97131147541,0.003667734693877551,1372865.4176798223,0.5314828857142853,40.0,0,0.0013373551020408152
0,0,1,0.08671400000000001,0.25305,0,40.0,4,0.0,4,11,512.9,0.023004545454545455,41802.015411973916,0.21088045454545454,40.0,0,0.00811918181818182
0,0,0,0.09718500000000001,1.909665,0,0,4,0,4,8,223.66666666666666,0.21218499999999998,2263.2241780626446,0.615028,0,64900,0.026505222222222204
0,0,1,1.103491,2.134855,0,40.0,4,0.0,4,8,190.0,0.266856875,1350.9114202135509,0.887861875,40.0,0,0.13816124999999999
0,0,0,0,0,0,0,0,0,0,0,190.0,0,0,0.887861875,0,0,0
0,0,0,0.600784,0.900504,0,0,5,0,0,0,1345.0,0.1801008,7740.109982854046,0.47997180000000006,0,0,0.180057
0,0,0,0,0,0,0,0,0,0,0,1345.0,0,0,0.47997180000000006,0,0,0
0,0,0,0,0,0,0,0,0,0,0,1345.0,0,0,0.47997180000000006,0,0,0
0,0,0,0,0,0,0,0,0,0,0,1345.0,0,0,0.47997180000000006,0,0,0
0,0,0,0,0,0,0,0,0,0,0,1345.0,0,0,0.47997180000000006,0,0,0
0,0,0,0,0,0,0,0,0,0,0,1345.0,0,0,0.47997180000000006,0,0,0
0,0,0,0,0,0,0,0,0,0,0,1345.0,0,0,0.47997180000000006,0,0,0
0,0,0,0.3,0.300225,0,0,3,0,0,0,1345.0,0.10007500000000001,13929.55283537347,0.200075,0,0,0.09999999999999999
0,0,0,0,0,0,0,0,0,0,0,1345.0,0,0,0.200075,0,0,0
0,0,0,0,0,0,0,0,0,0,0,1345.0,0,0,0.200075,0,0,0
